漫画,僕のヒーローアカデミア,キャラクター,HHQ_601,主人公緑谷出久の個性は？,ワン・フォー・オール,オール・フォー・ワン,爆破,無個性,1,ワン・フォー・オールは代々受け継がれてきた個性です。,1
漫画,僕のヒーローアカデミア,キャラクター,HHQ_602,爆豪勝己の個性は？,爆破,半冷半燃,無重力,硬化,1,爆豪勝己は掌から爆破を起こすことができます。,1
漫画,僕のヒーローアカデミア,キャラクター,HHQ_603,麗日お茶子の個性は？,無重力,創造,電気,高速,1,麗日お茶子は触れたものを無重力にすることができます。,1
漫画,僕のヒーローアカデミア,キャラクター,HHQ_604,飯田天哉の個性は？,エンジン,テープ,蛙,剛翼,1,飯田天哉は脚にエンジンが備わっています。,1
漫画,僕のヒーローアカデミア,キャラクター,HHQ_605,轟焦凍の個性は？,半冷半燃,爆破,個性抹消,硬化,1,轟焦凍は右から氷、左から炎を出すことができます。,1
漫画,僕のヒーローアカデミア,キャラクター,HHQ_606,切島鋭児郎の個性は？,硬化,電気,透明化,伸縮,1,切島鋭児郎は体を硬くすることができます。,1
漫画,僕のヒーローアカデミア,キャラクター,HHQ_607,八百万百の個性は？,創造,放電,黒影,帯電,1,八百万百は体から様々な物質を創造することができます。,1
漫画,僕のヒーローアカデミア,キャラクター,HHQ_608,常闇踏陰の個性は？,黒影,電気,伸縮,剛翼,1,常闇踏陰は影を操る能力を持っています。,1
漫画,僕のヒーローアカデミア,キャラクター,HHQ_609,蛙吹梅雨の個性は？,蛙,透明化,分裂,変身,1,蛙吹梅雨は蛙のような能力を持っています。,1
漫画,僕のヒーローアカデミア,キャラクター,HHQ_610,上鳴電気の個性は？,帯電,放電,電気分解,電気操作,1,上鳴電気は体から電気を放つことができます。,1
漫画,僕のヒーローアカデミア,キャラクター,HHQ_611,峰田実の個性は？,もぎもぎ,粘着,吸引,増殖,1,峰田実は頭のボールを無限に生成し、粘着させることができます。,1
漫画,僕のヒーローアカデミア,キャラクター,HHQ_612,耳郎響香の個性は？,イヤホンジャック,音波,超音波,振動,1,耳郎響香は耳たぶにイヤホンジャックがついています。,1
漫画,僕のヒーローアカデミア,キャラクター,HHQ_613,瀬呂範太の個性は？,テープ,糸,接着,ゴム,1,瀬呂範太は肘から粘着性のあるテープを出すことができます。,1
漫画,僕のヒーローアカデミア,キャラクター,HHQ_614,芦戸三奈の個性は？,酸,毒,溶解,腐食,1,芦戸三奈は体から酸を出すことができます。,1
漫画,僕のヒーローアカデミア,キャラクター,HHQ_615,障子目蔵の個性は？,複製腕,多腕,再生,透明化,1,障子目蔵は多数の腕を複製することができます。,1
漫画,僕のヒーローアカデミア,キャラクター,HHQ_616,オールマイトの個性は？,ワン・フォー・オール,超筋力,飛行,個性抹消,1,オールマイトもワン・フォー・オールを受け継いでいます。,1
漫画,僕のヒーローアカデミア,キャラクター,HHQ_617,イレイザー・ヘッド（相澤消太）の個性は？,個性抹消,個性吸収,個性操作,個性停止,1,イレイザー・ヘッドは見た相手の個性を一時的に抹消できます。,1
漫画,僕のヒーローアカデミア,キャラクター,HHQ_618,プレゼント・マイク（山田ひざし）の個性は？,ヴォイス,大声,音波,超音波,1,プレゼント・マイクは大声を出す個性です。,1
漫画,僕のヒーローアカデミア,キャラクター,HHQ_619,ミッドナイト（香山睡）の個性は？,眠り香,催眠,魅惑,幻覚,1,ミッドナイトは体を覆う布から眠り香を出すことができます。,1
漫画,僕のヒーローアカデミア,キャラクター,HHQ_620,エンデヴァー（轟炎司）の個性は？,ヘルフレイム,半冷半燃,爆炎,炎熱,1,エンデヴァーは炎を操る個性を持っています。,1
漫画,僕のヒーローアカデミア,キャラクター,HHQ_621,ホークスの個性は？,剛翼,飛行,超音速,羽,1,ホークスは背中に大きな翼が生えています。,1
漫画,僕のヒーローアカデミア,キャラクター,HHQ_622,ベストジーニストの個性は？,繊維操作,糸操作,布操作,衣服操作,1,ベストジーニストは繊維を自由に操ることができます。,1
漫画,僕のヒーローアカデミア,キャラクター,HHQ_623,エッジショットの個性は？,紙肢,紙化,折り紙,変形,1,エッジショットは体を紙のように薄く伸ばすことができます。,1
漫画,僕のヒーローアカデミア,キャラクター,HHQ_624,ミルコ（兎山ルミ）の個性は？,兎,跳躍,聴覚強化,脚力強化,1,ミルコは兎のような身体能力を持っています。,1
漫画,僕のヒーローアカデミア,キャラクター,HHQ_625,ギャングオルカ（逆俣空悟）の個性は？,オルカ,クジラ,超音波,水圧,1,ギャングオルカはオルカのような能力を持っています。,1
漫画,僕のヒーローアカデミア,キャラクター,HHQ_626,リカバリーガール（治癒の少女）の個性は？,治癒,回復,再生,蘇生,1,リカバリーガールはキスで相手の治癒力を高めることができます。,1
漫画,僕のヒーローアカデミア,キャラクター,HHQ_627,根津校長の個性は？,ハイスペック,超頭脳,天才,思考加速,1,根津校長は非常に高い知能を持っています。,1
漫画,僕のヒーローアカデミア,キャラクター,HHQ_628,トゥワイス（分倍河原仁）の個性は？,二倍,複製,分身,増殖,1,トゥワイスは触れたものを二倍に複製することができます。,1
漫画,僕のヒーローアカデミア,キャラクター,HHQ_629,死柄木弔の個性は？,崩壊,分解,消滅,破壊,1,死柄木弔は触れたものを崩壊させることができます。,1
漫画,僕のヒーローアカデミア,キャラクター,HHQ_630,荼毘（轟燈矢）の個性は？,蒼炎,赫炎,青炎,黒炎,1,荼毘は青い炎を操る個性を持っています。,1
漫画,僕のヒーローアカデミア,キャラクター,HHQ_631,トガヒミコの個性は？,変身,吸血,模倣,擬態,1,トガヒミコは血を摂取することで相手に変身できます。,1
漫画,僕のヒーローアカデミア,キャラクター,HHQ_632,スピナー（伊口秀一）の個性は？,ゲコゲコ,爬虫類,壁走り,擬態,1,スピナーは爬虫類のような外見と能力を持っています。,1
漫画,僕のヒーローアカデミア,キャラクター,HHQ_633,Mr.コンプレス（迫圧紘）の個性は？,圧縮,収縮,凝縮,縮小,1,Mr.コンプレスは対象を圧縮して球体にする個性です。,1
漫画,僕のヒーローアカデミア,キャラクター,HHQ_634,オーバーホール（治崎廻）の個性は？,オーバーホール,分解,再構築,修復,1,オーバーホールは触れたものを分解し再構築できます。,1
漫画,僕のヒーローアカデミア,キャラクター,HHQ_635,クロノスタシス（玄野針）の個性は？,遅延,時間停止,時間加速,時間逆行,1,クロノスタシスは針で刺した相手の動作を遅延させることができます。,1
漫画,僕のヒーローアカデミア,キャラクター,HHQ_636,ファットガムの個性は？,脂肪吸着,脂肪吸収,肥満,緩衝,1,ファットガムは脂肪で攻撃を吸収し、それをエネルギーに変えることができます。,1
漫画,僕のヒーローアカデミア,キャラクター,HHQ_637,天喰環の個性は？,再現,吸収,消化,具現化,1,天喰環は食べたものの特徴を再現することができます。,1
漫画,僕のヒーローアカデミア,キャラクター,HHQ_638,波動ねじれの個性は？,波動,螺旋,振動,衝撃波,1,波動ねじれは体から螺旋状の衝撃波を放つことができます。,1
漫画,僕のヒーローアカデミア,キャラクター,HHQ_639,通形ミリオの個性は？,透過,すり抜け,透明化,無効化,1,通形ミリオは体を透過させることができます。,1
漫画,僕のヒーローアカデミア,キャラクター,HHQ_640,デクがオールマイトから受け継いだ個性は？,ワン・フォー・オール,デトロイトスマッシュ,ユナイテッドステイツオブスマッシュ,フルカウル,1,ワン・フォー・オールは代々受け継がれてきた個性です。,1
漫画,僕のヒーローアカデミア,設定・用語,HHQ_641,個性を悪用する犯罪者を何と呼ぶ？,ヴィラン,ヒーロー,警察官,市民,1,個性を悪用する犯罪者はヴィランと呼ばれます。,1
漫画,僕のヒーローアカデミア,設定・用語,HHQ_642,ヒーローを育成する専門学校の名前は？,雄英高校,ヒーローアカデミー,個性学園,能力開発校,1,雄英高校が代表的なヒーロー育成学校です。,1
漫画,僕のヒーローアカデミア,設定・用語,HHQ_643,ヒーローが使用する特殊なコスチュームを何と呼ぶ？,ヒーロースーツ,コスチューム,戦闘服,個性服,2,ヒーローが着用する特殊な衣装はコスチュームと呼ばれます。,1
漫画,僕のヒーローアカデミア,設定・用語,HHQ_644,個性のない状態を何と呼ぶ？,無個性,個性なし,凡人,ノーマル,1,個性を持っていない状態は無個性と呼ばれます。,1
漫画,僕のヒーローアカデミア,設定・用語,HHQ_645,ヒーローとヴィランが戦う社会を何と呼ぶ？,超常社会,個性社会,ヒーロー社会,ヴィラン社会,1,個性を持つ人々が大多数を占める社会は超常社会と呼ばれます。,1
漫画,僕のヒーローアカデミア,設定・用語,HHQ_646,オールマイトの引退を告げた戦いの場所は？,神野区,雄英高校,USJ,訓練場,1,オールマイトとオール・フォー・ワンの戦いは神野区で行われました。,1
漫画,僕のヒーローアカデミア,設定・用語,HHQ_647,雄英高校の入学試験で行われる実技試験の名前は？,仮想ヴィラン討伐,実戦訓練,個性テスト,模擬戦闘,1,仮想ヴィラン討伐です。,1
漫画,僕のヒーローアカデミア,設定・用語,HHQ_648,ヒーローが活動するために必要なライセンスの名前は？,仮免,プロヒーローライセンス,ヒーロー認定証,個性使用許可証,1,ヒーローとして活動するには仮免（仮免許）が必要です。,2
漫画,僕のヒーローアカデミア,設定・用語,HHQ_649,オール・フォー・ワンの個性は？,個性強奪,個性創造,個性共有,個性吸収,1,オール・フォー・ワンは他者の個性を奪い、与えることができます。,1
漫画,僕のヒーローアカデミア,設定・用語,HHQ_650,雄英高校の体育祭で行われる競技は？,障害物競走,騎馬戦,バトルロイヤル,チーム対抗戦,1,体育祭では障害物競走が行われます。,1
漫画,僕のヒーローアカデミア,設定・用語,HHQ_651,USJとは何の略？,ウルトラ・スーパー・ジャンプ,アンフォアセーン・シミュレーション・ジョイント,ユニバーサル・スタジオ・ジャパン,ウルトラスーパーヒーロー,2,USJは「Unforeseen Simulation Joint」の略です。,1
漫画,僕のヒーローアカデミア,設定・用語,HHQ_652,ヒーローが敵を捕縛する際に使用する道具を何と呼ぶ？,捕縛布,捕縛具,逮捕具,拘束具,1,イレイザー・ヘッドなどが使用するものは捕縛布です。,2
漫画,僕のヒーローアカデミア,設定・用語,HHQ_653,「個性因子」とは何？,個性の源,個性の分類,個性の名称,個性の力,1,個性因子は個性の発現に関わるものです。,2
漫画,僕のヒーローアカデミア,設定・用語,HHQ_654,ヴィラン連合の目的は？,ヒーロー社会の崩壊,世界の支配,個性社会の確立,個性を持つ者への復讐,1,ヴィラン連合はヒーロー社会の崩壊を目指しています。,2
漫画,僕のヒーローアカデミア,設定・用語,HHQ_655,「脳無」とは何？,改造人間,人工生命体,個性強化人間,ロボット,1,脳無は死体をベースに複数の個性を移植された改造人間です。,1
漫画,僕のヒーローアカデミア,設定・用語,HHQ_656,雄英高校の寮の名前は？,ハイツアライアンス,ヒーローズマンション,アライアンス寮,雄英寮,1,雄英高校の寮はハイツアライアンスです。,1
漫画,僕のヒーローアカデミア,設定・用語,HHQ_657,ヒーロービルボードチャートJPで、トップヒーローの順位付けに使用される要素は？,解決数、貢献度、国民の支持率,個性強度、体力、知力,戦闘能力、人柄、人気,ヴィラン討伐数、救助数、知名度,1,解決数、貢献度、国民の支持率が重視されます。,2
漫画,僕のヒーローアカデミア,設定・用語,HHQ_658,「PLUS ULTRA（プルスウルトラ）」とはどういう意味？,さらに向こうへ,もっと強く,諦めるな,限界を超える,1,「さらに向こうへ」という意味です。,1
漫画,僕のヒーローアカデミア,設定・用語,HHQ_659,雄英高校の校訓は？,個性を磨け、常に前へ,さらなる高みへ、超えていけ,個性と向き合い、未来を掴む,平和と正義のために,1,雄英高校の校訓は「さらなる高みへ」です。,3
漫画,僕のヒーローアカデミア,設定・用語,HHQ_660,インターンシップとは、ヒーローの何を学ぶために行われる？,実戦経験,個性開発,座学,チームワーク,1,インターンシップは実戦経験を積むために行われます。,2
漫画,僕のヒーローアカデミア,設定・用語,HHQ_661,デクが使用する「フルカウル」とは、何の技術？,全身にワン・フォー・オールを巡らせる,個性を強化する,攻撃力を高める,防御力を高める,1,フルカウルは全身にワン・フォー・オールを巡らせる技術です。,1
漫画,僕のヒーローアカデミア,設定・用語,HHQ_662,「個性婚」とは何？,個性のために結婚すること,個性を考慮して結婚すること,個性を持つ者同士の結婚,個性を共有する結婚,2,個性を考慮して結婚する行為です。,2
漫画,僕のヒーローアカデミア,設定・用語,HHQ_663,「特異点」とは、個性社会において何を指す？,個性の暴走,個性の進化の頂点,個性の消失,個性を持つ者の限界,2,個性の進化の頂点、あるいは予測不能な進化を指します。,3
漫画,僕のヒーローアカデミア,設定・用語,HHQ_664,死穢八斎會の目的は？,個性のない世界を作る,個性を取り戻す,個性社会を支配する,個性の進化を止める,1,死穢八斎會は個性のない世界を目指していました。,2
漫画,僕のヒーローアカデミア,設定・用語,HHQ_665,「治癒」の個性を持つエリの血には、何が含まれている？,個性を消す成分,個性を強化する成分,個性を増殖させる成分,個性を吸収する成分,1,エリの血には個性を消す成分が含まれています。,2
漫画,僕のヒーローアカデミア,設定・用語,HHQ_666,ヒーロー公安委員会とは、何の組織？,ヒーローを統括する組織,ヴィランを捕らえる組織,個性研究機関,一般市民を守る組織,1,ヒーローを統括し、管理する組織です。,2
漫画,僕のヒーローアカデミア,設定・用語,HHQ_667,「OFA」とは何の略？,ワン・フォー・オール,オール・フォー・ワン,オリジナル・ファイティング・アーツ,オーバー・フォース・アタック,1,ワン・フォー・オールの略です。,1
漫画,僕のヒーローアカデミア,設定・用語,HHQ_668,「AFO」とは何の略？,オール・フォー・ワン,ワン・フォー・オール,アサルト・フォース・オペレーション,アブソリュート・フォース・アウト,1,オール・フォー・ワンの略です。,1
漫画,僕のヒーローアカデミア,設定・用語,HHQ_669,雄英高校のビッグ3とは誰？,通形ミリオ、天喰環、波動ねじれ,緑谷出久、爆豪勝己、轟焦凍,切島鋭児郎、上鳴電気、瀬呂範太,飯田天哉、麗日お茶子、八百万百,1,雄英高校のビッグ3は通形ミリオ、天喰環、波動ねじれです。,1
漫画,僕のヒーローアカデミア,設定・用語,HHQ_670,「黒鞭」は、デクが継承したワン・フォー・オールの歴代個性の一つで、何の個性？,鞭を出す,体を伸ばす,硬化する,電気を出す,1,黒鞭は体から鞭のようなものを出す個性です。,2
漫画,僕のヒーローアカデミア,設定・用語,HHQ_671,「浮遊」は、デクが継承したワン・フォー・オールの歴代個性の一つで、何の個性？,空を飛ぶ,浮く,重力を操る,宙に浮く,2,浮遊は体を浮かせることができる個性です。,2
漫画,僕のヒーローアカデミア,設定・用語,HHQ_672,「危機感知」は、デクが継承したワン・フォー・オールの歴代個性の一つで、何の個性？,危険を察知する,未来予知,攻撃を回避する,相手の動きを読む,1,危機感知は危険を察知する個性です。,2
漫画,僕のヒーローアカデミア,設定・用語,HHQ_673,「煙幕」は、デクが継承したワン・フォー・オールの歴代個性の一つで、何の個性？,煙を出す,視界を遮る,煙で攻撃する,煙で隠れる,1,煙幕は体から煙を発生させる個性です。,2
漫画,僕のヒーローアカデミア,設定・用語,HHQ_674,「発勁」は、デクが継承したワン・フォー・オールの歴代個性の一つで、何の個性？,運動エネルギーを溜め込む,衝撃波を放つ,体を強化する,力を増幅する,1,発勁は運動エネルギーを溜め込み、放出する個性です。,2
漫画,僕のヒーローアカデミア,設定・用語,HHQ_675,「変速」は、デクが継承したワン・フォー・オールの歴代個性の一つで、何の個性？,速度を変化させる,加速する,減速する,瞬時に移動する,1,変速は速度を変化させる個性です。,2
漫画,僕のヒーローアカデミア,設定・用語,HHQ_676,「個性強制解除薬」とは、何のために開発された？,個性を消すため,個性を弱めるため,個性を強化するため,個性を一時的に停止するため,1,個性を消すために開発されました。,2
漫画,僕のヒーローアカデミア,設定・用語,HHQ_677,「個性再生薬」とは、何のために開発された？,個性を戻すため,個性を再生するため,個性を治療するため,個性を強化するため,1,個性を戻すために開発されました。,2
漫画,僕のヒーローアカデミア,設定・用語,HHQ_678,「超常解放戦線」とは、何を目的とする組織？,個性社会の解放,ヴィラン社会の構築,ヒーロー社会の打倒,平和な社会の実現,1,超常解放戦線は個性社会の解放とヒーロー社会の打倒を目指します。,2
漫画,僕のヒーローアカデミア,設定・用語,HHQ_679,「トゥルーフォーム」とは、オールマイトの何の姿？,本来の姿,力を失った姿,戦闘形態,全盛期の姿,1,オールマイトの筋肉隆々の本来の姿です。,1
漫画,僕のヒーローアカデミア,設定・用語,HHQ_680,雄英高校の教員で、寮長を務める人物は？,根津校長,オールマイト,相澤消太,ブラドキング,4,ブラドキングが寮長です。,2
漫画,僕のヒーローアカデミア,その他,HHQ_681,緑谷出久がオールマイトに出会ったのはどこ？,学校の帰り道,ヴィランに襲われた時,訓練場,雄英高校,1,デクがヴィランに襲われた際にオールマイトと出会いました。,2
漫画,僕のヒーローアカデミア,その他,HHQ_682,爆豪勝己が緑谷出久を呼ぶ時の呼び方は？,デク,イズク,ミドリヤ,カス,1,爆豪は緑谷を出久ではなく「デク」と呼びます。,1
漫画,僕のヒーローアカデミア,その他,HHQ_683,緑谷出久がオールマイトからワン・フォー・オールを受け継ぐために行った特訓は？,ゴミ捨て場の清掃,筋力トレーニング,個性訓練,模擬戦闘,1,オールマイトの指導でゴミ捨て場の清掃をしました。,1
漫画,僕のヒーローアカデミア,その他,HHQ_684,雄英高校の入学試験で、緑谷出久が助けた人物は？,麗日お茶子,飯田天哉,爆豪勝己,轟焦凍,1,緑谷は麗日お茶子を助けました。,1
漫画,僕のヒーローアカデミア,その他,HHQ_685,USJ襲撃事件で、相澤消太が負った怪我は？,腕の骨折,脚の骨折,顔の損傷,内臓損傷,3,相澤消太は顔に大きな損傷を負いました。,2
漫画,僕のヒーローアカデミア,その他,HHQ_686,雄英高校の体育祭で、緑谷出久が騎馬戦で組んだ仲間は？,麗日お茶子、常闇踏陰、峰田実,爆豪勝己、飯田天哉、轟焦凍,麗日お茶子、飯田天哉、轟焦凍,常闇踏陰、峰田実、八百万百,1,麗日お茶子、常闇踏陰、峰田実と組みました。,2
漫画,僕のヒーローアカデミア,その他,HHQ_687,轟焦凍が体育祭で左半身の炎の個性を使わなかった理由は？,父親の個性だから,制御できないから,隠していたから,まだ未熟だったから,1,轟焦凍は父親の個性を使いたくありませんでした。,2
漫画,僕のヒーローアカデミア,その他,HHQ_688,ステイン（ヒーロー殺し）がヒーローを襲った理由は？,偽物のヒーローを排除するため,ヒーロー社会を憎んでいるから,名声が欲しかったから,金が欲しかったから,1,ステインは偽物のヒーローを排除することを目的としていました。,2
漫画,僕のヒーローアカデミア,その他,HHQ_689,雄英高校の期末試験で、緑谷出久と爆豪勝己が組んで戦った相手は？,オールマイト,相澤消太,プレゼント・マイク,エンデヴァー,1,オールマイトと戦いました。,1
漫画,僕のヒーローアカデミア,その他,HHQ_690,林間合宿で、ヴィラン連合に襲撃された際、爆豪勝己が拉致された理由は？,個性を狙われたから,ヴィランに協力するため,たまたまそこにいたから,デクを誘き出すため,1,爆豪の個性を狙われ、ヴィランにスカウトされました。,2
漫画,僕のヒーローアカデミア,その他,HHQ_691,神野区決戦で、オールマイトがオール・フォー・ワンに最後の一撃を放った技の名前は？,ユナイテッドステイツオブスマッシュ,デトロイトスマッシュ,テキサススマッシュ,カリフォルニアスマッシュ,1,最後の一撃は「ユナイテッドステイツオブスマッシュ」です。,1
漫画,僕のヒーローアカデミア,その他,HHQ_692,プロヒーロー仮免試験で、緑谷出久が助けた子供の名前は？,かっちゃん,コータ,エリ,シュウ,2,デクが助けた子供はコータです。,2
漫画,僕のヒーローアカデミア,その他,HHQ_693,インターンシップで、デクがオーバーホールの能力を知るきっかけとなった人物は？,エリ,ファットガム,サー・ナイトアイ,ミリオ,1,エリの能力を見てオーバーホールの個性を知りました。,2
漫画,僕のヒーローアカデミア,その他,HHQ_694,文化祭で、雄英高校A組が披露したものは？,バンド演奏,演劇,ダンス,お化け屋敷,1,A組はバンド演奏を披露しました。,1
漫画,僕のヒーローアカデミア,その他,HHQ_695,デクが「黒鞭」の個性を発現させたきっかけは？,精神的な高揚,危機的な状況,修行中,夢の中,2,危機的な状況で黒鞭が発現しました。,2
漫画,僕のヒーローアカデミア,その他,HHQ_696,エンデヴァーがNo.1ヒーローになった後、彼が最初に達成したことは？,ヴィランの逮捕,家族との和解,国民からの支持獲得,平和の象徴となること,2,エンデヴァーは家族との関係改善を目指しました。,2
漫画,僕のヒーローアカデミア,その他,HHQ_697,ホークスがヴィラン連合に潜入した目的は？,情報収集,仲間を増やすため,ヴィランの殲滅,オール・フォー・ワンの捕縛,1,ホークスはヴィラン連合の情報収集をしていました。,2
漫画,僕のヒーローアカデミア,その他,HHQ_698,デクがオールマイトからワン・フォー・オールを継承した際に言われた言葉は？,「次は君だ」,「君ならできる」,「君はヒーローになれる」,「諦めるな」,1,オールマイトは「次は君だ」と告げました。,2
漫画,僕のヒーローアカデミア,その他,HHQ_699,雄英高校の寮生活で、緑谷出久が爆豪勝己と和解した場所は？,部屋,リビング,訓練場,食堂,1,二人は互いの部屋で和解しました。,2
漫画,僕のヒーローアカデミア,その他,HHQ_700,轟焦凍が父親の炎の個性を使うことを決意したきっかけは？,緑谷出久の言葉,体育祭での敗北,家族との交流,オールマイトの指導,1,緑谷出久の言葉がきっかけでした。,2
漫画,僕のヒーローアカデмия,その他,HHQ_701,ステインを捕らえるために奮闘したヒーローは？,エンデヴァー,ホークス,飯田天哉,オールマイト,3,飯田天哉がステインに襲われ、緑谷と轟が助太刀しました。,2
漫画,僕のヒーローアカデミア,その他,HHQ_702,林間合宿でのヴィラン連合襲撃時、生徒たちが緊急避難した場所は？,校舎内,森の中,洞窟,避難シェルター,3,生徒たちは洞窟へ避難しました。,2
漫画,僕のヒーローアカデミア,その他,HHQ_703,オールマイトが引退後、残されたヒーロー社会で最も重要な役割を担うのは？,デク,エンデヴァー,ホークス,ベスタジーニスト,2,エンデヴァーがNo.1ヒーローとなり、平和の象徴の役割を担いました。,2
漫画,僕のヒーローアカデミア,その他,HHQ_704,インターンシップで、デクがサー・ナイトアイの事務所に所属した理由は？,オールマイトの推薦,ファットガムの紹介,個性研究のため,ヴィランの調査のため,1,オールマイトの推薦がありました。,2
漫画,僕のヒーローアカデミア,その他,HHQ_705,文化祭で、A組のバンド演奏でボーカルを務めたのは？,耳郎響香,芦戸三奈,麗日お茶子,八百万百,1,耳郎響香がボーカルを務めました。,2
漫画,僕のヒーローアカデミア,その他,HHQ_706,デクが「浮遊」の個性を発現させた時の状況は？,空中戦の最中,敵からの攻撃を回避する際,精神的な高揚時,訓練中,1,空中戦の最中に発現しました。,2
漫画,僕のヒーローアカデミア,その他,HHQ_707,エンデヴァーが家族と和解するために最初に行ったことは？,謝罪,会話,食事,トレーニング,2,エンデヴァーは家族と会話を試みました。,2
漫画,僕のヒーローアカデミア,その他,HHQ_708,ホークスが荼毘に正体がバレたきっかけは？,電話の会話,メールの内容,彼の言動,直接対決,3,ホークスの言動から荼毘に正体がバレました。,2
漫画,僕のヒーローアカデミア,その他,HHQ_709,デクがオール・フォー・ワンに捕らえられたオールマイトを救出するために何をした？,単独で突入,警察に協力,ヒーローに助けを求める,爆豪たちと協力して策を練った,4,爆豪たちと協力してオールマイトを救出しました。,2
漫画,僕のヒーローアカデミア,その他,HHQ_710,雄英高校の体育祭で、爆豪勝己が轟焦凍に勝利した際の気持ちは？,不満,喜び,達成感,後悔,1,爆豪は轟が本気を出さなかったことに不満を感じました。,2
漫画,僕のヒーローアカデミア,その他,HHQ_711,ステインとの戦いで、緑谷出久が負った怪我は？,腕の骨折,脚の骨折,全身打撲,個性使用による反動,1,緑谷は腕を骨折しました。,2
漫画,僕のヒーローアカデミア,その他,HHQ_712,林間合宿でのヴィラン連合襲撃時、生徒たちが個性を使った理由は？,身を守るため,仲間を守るため,ヴィランを捕らえるため,訓練の一環として,1,生徒たちは身を守るために個性を使いました。,2
漫画,僕のヒーローアカデミア,その他,HHQ_713,オールマイトが引退後、彼の後を継ぐ「平和の象徴」としての役割を誰が担うことになった？,エンデヴァー,デク,ホークス,ベストジーニスト,1,エンデヴァーが平和の象徴の役割を担うことになりました。,2
漫画,僕のヒーローアカデミア,その他,HHQ_714,インターンシップで、デクがエリの能力を「戻す」力だと理解したきっかけは？,治崎廻との戦闘,エリの怪我の治療,ミリオの説明,サー・ナイトアイの予知,2,エリの怪崎の治療を見て能力を理解しました。,2
漫画,僕のヒーローアカデミア,その他,HHQ_715,文化祭の準備中、デクが耳郎響香に教えたことは？,歌い方,演奏のコツ,リズム感,個性の使い方,3,デクは耳郎にリズム感を教えました。,2
漫画,僕のヒーローアカデミア,その他,HHQ_716,デクが「危機感知」の個性を発現させた時の感情は？,恐怖,焦り,興奮,冷静,1,危機感知は恐怖や焦りを感じた時に発現しました。,2
漫画,僕のヒーローアカデミア,その他,HHQ_717,エンデヴァーが家族との関係を修復するために、最初に話しかけたのは誰？,轟焦凍,轟冷,轟夏雄,轟冬美,2,轟冷に話しかけました。,2
漫画,僕のヒーローアカデミア,その他,HHQ_718,ホークスが荼毘の正体を知った後、彼に何を期待した？,ヴィラン連合からの離反,オール・フォー・ワンの情報,荼毘の改心,なし,1,荼毘の動向からヴィラン連合の情報を得ようとしました。,3
漫画,僕のヒーローアカデミア,その他,HHQ_719,オール・フォー・ワンがオールマイトに最後に言った言葉は？,「次は君の番だ」,「お前はもう終わりだ」,「私が勝つ」,「これで終りだ」,2,オール・フォー・ワンは「お前はもう終わりだ」と言いました。,2
漫画,僕のヒーローアカデミア,その他,HHQ_720,雄英高校の体育祭で、轟焦凍がデクに「なんでそんなに頑張れるんだ」と尋ねた理由は？,デクの努力に感銘を受けたから,デクの個性が気になったから,デクを挑発したかったから,デクを理解したかったから,1,デクの諦めない姿勢に感銘を受けました。,3
漫画,僕のヒーローアカデミア,その他,HHQ_721,ステインを捕らえた後、彼が言った言葉で最も印象的なものは？,「偽物のヒーローは死ね」,「真のヒーローはオールマイトだけだ」,「私の信念は揺るがない」,「私は間違っていない」,2,「真のヒーローはオールマイトだけだ」です。,2
漫画,僕のヒーローアカデミア,その他,HHQ_722,林間合宿でのヴィラン連合襲撃時、デクが拉致された爆豪を救出するために何をした？,単独で追跡,オールマイトに報告,教師に助けを求める,仲間と協力して作戦を立てた,4,デクは仲間と協力して爆豪救出作戦を立てました。,2
漫画,僕のヒーローアカデミア,その他,HHQ_723,オールマイトが引退後、デクに託した使命は？,平和の象徴となること,オール・フォー・ワンを倒すこと,ワン・フォー・オールを完成させること,新しいヒーロー社会を築くこと,1,平和の象徴となることです。,3
漫画,僕のヒーローアカデミア,その他,HHQ_724,インターンシップで、デクがオーバーホールを倒すために力を合わせた人物は？,ミリオ,エリ,ファットガム,サー・ナイトアイ,1,ミリオがオーバーホールと戦う際に力を合わせました。,2
漫画,僕のヒーローアカデミア,その他,HHQ_725,文化祭のバンド演奏で、爆豪勝己が担当した楽器は？,ドラム,ギター,ベース,ボーカル,1,爆豪はドラムを担当しました。,2
漫画,僕のヒーローアカデミア,その他,HHQ_726,デクが「煙幕」の個性を発現させた際に、周囲の反応は？,驚き,混乱,興奮,恐怖,1,周囲はデクの新たな個性の発現に驚きました。,2
漫画,僕のヒーローアカデミア,その他,HHQ_727,エンデヴァーが家族関係の修復のために、最も努力したことは？,会話,行動,謝罪,プレゼント,2,エンデヴァーは言葉だけでなく行動で示そうと努力しました。,3
漫画,僕のヒーローアカデミア,その他,HHQ_728,ホークスが荼毘の正体を知った後、彼が公安委員会に報告した内容は？,荼毘の正体と能力,ヴィラン連合の新たな計画,オール・フォー・ワンの動向,荼毘の目的,1,ホークスは荼毘の正体を公安委員会に報告しました。,2
漫画,僕のヒーローアカデミア,その他,HHQ_729,オール・フォー・ワンがオールマイトに敗れた後、どこに収監された？,タルタロス,刑務所,秘密基地,ヴィラン連合のアジト,1,オール・フォー・ワンはタルタロスに収監されました。,2
漫画,僕のヒーローアカデミア,その他,HHQ_730,雄英高校の体育祭で、緑谷出久が轟焦凍に言った「お前の個性だろ！」という言葉の意味は？,個性を使いこなせ,親の個性を使うな,自分の力で戦え,個性に縛られるな,3,自分の力で戦うことを促す言葉でした。,2
漫画,僕のヒーローアカデミア,その他,HHQ_731,ステインが病院に運ばれた後、彼の言葉を聞いたヒーローたちはどうなった？,賛同した,反発した,無視した,動揺した,4,ステインの言葉は多くのヒーローに動揺を与えました。,3
漫画,僕のヒーローアカデミア,その他,HHQ_732,林間合宿でのヴィラン連合襲撃時、デクが最も危険な状況に陥ったのは？,マスキュラーとの戦闘,爆豪の拉致,荼毘の攻撃,トゥワイスの分身,1,マスキュラーとの戦闘でデクは最大の危機に陥りました。,2
漫画,僕のヒーローアカデミア,その他,HHQ_733,オールマイトが引退後、デクに「個性を受け継ぐのは君しかいない」と伝えた理由は？,デクの精神力,デクの身体能力,デクの無個性,デクの正義感,1,デクの精神的な強さと正義感が理由でした。,3
漫画,僕のヒーローアカデミア,その他,HHQ_734,インターンシップで、デクがエリの能力を「呪い」だと感じた理由は？,エリが苦しんでいたから,治崎廻が利用していたから,個性の制御ができないから,過去に悲劇が起きたから,1,エリ自身が能力を「呪い」だと感じていたからです。,2
漫画,僕のヒーローアカデミア,その他,HHQ_735,文化祭で、A組のバンド演奏を見たエリの反応は？,笑顔になった,泣き出した,驚いた,無反応だった,1,エリはA組のバンド演奏を見て笑顔になりました。,2
漫画,僕のヒーローアカデミア,その他,HHQ_736,デクが「発勁」の個性を発現させた時の感情は？,怒り,集中,冷静,興奮,2,発勁は集中力が高まった時に発現しました。,2
漫画,僕のヒーローアカデミア,その他,HHQ_737,エンデヴァーが家族との和解を目指す中で、最も苦悩したことは？,過去の行動,家族の反発,世間の目,自分のプライド,1,過去の自分の行動と向き合うことに苦悩しました。,2
漫画,僕のヒーローアカデミア,その他,HHQ_738,ホークスが荼毘の正体を知った後、彼がとった行動は？,公安委員会に報告,独断で行動,ヴィラン連合に潜入し続ける,荼毘を説得する,1,ホークスは公安委員会に報告し、潜入を続けました。,3
漫画,僕のヒーローアカデミア,その他,HHQ_739,オール・フォー・ワンがタルタロスに収監された後、彼が最初に接触したのは誰？,死柄木弔,ドクター,荼毘,ホークス,1,オール・フォー・ワンは死柄木弔と接触しました。,2
漫画,僕のヒーローアカデミア,その他,HHQ_740,雄英高校の体育祭で、デクが轟焦凍に勝つために使った技は？,デトロイトスマッシュ,ワン・フォー・オール フルカウル,ワン・フォー・オール 100%,ワン・フォー・オール スマッシュ,3,デクはワン・フォー・オール100%のスマッシュを使いました。,2
漫画,僕のヒーローアカデミア,その他,HHQ_741,ステインとの戦いで、飯田天哉が緑谷出久と轟焦凍に感謝した理由は？,命を助けてもらったから,個性を使ってくれたから,一緒に戦ってくれたから,自分を止めてくれたから,4,飯田は緑谷と轟が自分を止めてくれたことに感謝しました。,3
漫画,僕のヒーローアカデミア,その他,HHQ_742,林間合宿でのヴィラン連合襲撃時、生徒たちが個性訓練を行った理由は？,個性を強化するため,ヴィランに備えるため,実戦経験を積むため,楽しむため,1,個性を強化するためです。,2
漫画,僕のヒーローアカデミア,その他,HHQ_743,オールマイトが引退後、デクに伝えた「個性は道具じゃない」という言葉の意味は？,個性は大事にしろ,個性は使い方次第だ,個性は他人を助けるためにある,個性は使い方を間違えると危険だ,3,個性は他人を助けるためにある、ということを強調しました。,2
漫画,僕のヒーローアカデミア,その他,HHQ_744,インターンシップで、デクがエリの能力を「救済」の力だと信じた理由は？,ミリオの言葉,エリの笑顔,治崎廻の絶望,オールマイトの予言,2,エリが笑顔になったことで、その能力が救済の力だと信じました。,3
漫画,僕のヒーローアカデミア,その他,HHQ_745,文化祭で、エリが初めて「個性」を使って遊んだものは？,飴細工,風船,シャボン玉,ボール,1,エリは飴細工を「個性」で遊びました。,2
漫画,僕のヒーローアカデミア,その他,HHQ_746,デクが「変速」の個性を発現させた際の状況は？,高速移動中,戦闘の終盤,危機回避の瞬間,敵を追跡中,1,高速移動中に発現しました。,2
漫画,僕のヒーローアカデミア,その他,HHQ_747,エンデヴァーが家族関係の修復のために、最も求めたものは？,許し,理解,共感,協力,2,エンデヴァーは家族からの理解を求めました。,3
漫画,僕のヒーローアカデミア,その他,HHQ_748,ホークスが荼毘の正体を知った後、彼が抱いた感情は？,驚き,絶望,怒り,悲しみ,1,ホークスは荼毘の正体に驚きを隠せませんでした。,3
漫画,僕のヒーローアカデミア,その他,HHQ_749,オール・フォー・ワンがタルタロスに収監された後、彼が狙っていた人物は誰？,死柄木弔,ドクター,オールマイト,デク,1,オール・フォー・ワンは死柄木弔を狙っていました。,2
漫画,僕のヒーローアカデミア,その他,HHQ_750,雄英高校の体育祭で、緑谷出久が轟焦凍に言った「もう一度本気でぶつかろう」という言葉の意図は？,轟の本気を引き出すため,再戦を申し込むため,友情を深めるため,力を証明するため,1,轟の本気を引き出すためでした。,3
漫画,僕のヒーローアカデミア,その他,HHQ_751,ステインを捕らえた後、彼の行動がヒーロー社会に与えた影響は？,ヒーローの信頼失墜,ヴィランの増加,ヒーローの在り方への疑問,個性社会の崩壊,3,ヒーローの在り方への疑問が生じました。,2
漫画,僕のヒーローアカデミア,その他,HHQ_752,林間合宿でのヴィラン連合襲撃時、生徒たちが個性を応用した理由は？,個性の限界を知るため,新たな使い方を模索するため,ヴィランに対抗するため,訓練の成果を試すため,3,ヴィランに対抗するためでした。,2
漫画,僕のヒーローアカデミア,その他,HHQ_753,オールマイトが引退後、デクに「君の番だ」と伝えた際の彼の表情は？,笑顔,真剣,悲しい,安心した,2,オールマイトは真剣な表情でした。,2
漫画,僕のヒーローアカデミア,その他,HHQ_754,インターンシップで、デクがエリの能力を「治す」ために何をしようとした？,個性を消す,個性を制御する,個性を訓練する,個性を使うことを止める,2,デクはエリの個性を制御しようとしました。,3
漫画,僕のヒーローアカデミア,その他,HHQ_755,文化祭で、エリが初めて笑顔を見せた時に、デクが感じた感情は？,達成感,喜び,感動,安堵,3,デクはエリの笑顔に感動しました。,2
漫画,僕のヒーローアカデミア,その他,HHQ_756,デクがワン・フォー・オールを制御するために、何を意識している？,力の出力,身体への負担,個性の組み合わせ,歴代継承者との対話,2,身体への負担を軽減することを意識しています。,3
漫画,僕のヒーローアカデミア,その他,HHQ_757,エンデヴァーが家族関係の修復のために、最初に努力した家族は？,轟冷,轟焦凍,轟夏雄,轟冬美,1,エンデヴァーは轟冷との関係改善に努めました。,2
漫画,僕のヒーローアカデミア,その他,HHQ_758,ホークスが荼毘の正体を知った後、彼が抱いた決意は？,ヴィラン連合を壊滅させる,荼毘を止める,オール・フォー・ワンを捕縛する,ヒーロー社会を守る,4,ホークスはヒーロー社会を守ることを決意しました。,3
漫画,僕のヒーローアカデミア,その他,HHQ_759,オール・フォー・ワンがタルタロスに収監された後、彼の計画は？,死柄木弔の育成,個性の収集,ヒーロー社会の崩壊,世界の支配,1,オール・フォー・ワンは死柄木弔を後継者として育成することを計画しました。,2
漫画,僕のヒーローアカデミア,その他,HHQ_760,雄英高校の体育祭で、轟焦凍がデクとの戦いで何を乗り越えた？,父親への反発,自分の弱さ,個性への恐怖,勝利への執着,1,轟焦凍は父親への反発心を乗り越えました。,3
漫画,僕のヒーローアカデミア,その他,HHQ_761,ステインを捕らえた後、彼の思想が社会に与えた影響は？,ヒーロー志望者の減少,ヴィラン志望者の増加,ヒーローの二極化,個性社会の混乱,2,ステインの思想はヴィラン志望者を増加させました。,3
漫画,僕のヒーローアカデミア,その他,HHQ_762,林間合宿でのヴィラン連合襲撃時、生徒たちが個性を「個性解放」した理由は？,一時的に個性を強化するため,個性を制御するため,新たな個性を見つけるため,敵を倒すため,1,一時的に個性を強化するためです。,3
漫画,僕のヒーローアカデミア,その他,HHQ_763,オールマイトが引退後、デクに「君は一人じゃない」と伝えた理由は？,デクを励ますため,仲間がいることを教えるため,孤独を感じさせないため,ワン・フォー・オールは仲間との絆で強くなるから,4,ワン・フォー・オールは仲間との絆で強くなることを伝えたかったからです。,3
漫画,僕のヒーローアカデミア,その他,HHQ_764,インターンシップで、デクがエリの能力を「個性」と認識したきっかけは？,彼女の怪我の治療,彼女の父親の言葉,サー・ナイトアイの予知,ミリオとの会話,1,エリの怪我の治療によって、その力が個性だと認識しました。,2
漫画,僕のヒーローアカデミア,その他,HHQ_765,文化祭で、エリが初めて人前で笑顔を見せた時に、デクが感じたのは？,ヒーローとしての喜び,責任感,使命感,達成感,1,デクはヒーローとしての喜びを感じました。,2
漫画,僕のヒーローアカデミア,その他,HHQ_766,デクがワン・フォー・オールに加えて、歴代継承者の個性を発現させたことを誰に報告した？,オールマイト,相澤消太,爆豪勝己,グラントリノ,1,デクはオールマイトに報告しました。,2
漫画,僕のヒーローアカデミア,その他,HHQ_767,エンデヴァーが家族関係の修復のために、家族に何を与えようとした？,金銭的な援助,精神的な支え,理解と愛情,自由な生活,3,エンデヴァーは理解と愛情を与えようとしました。,3
漫画,僕のヒーローアカデミア,その他,HHQ_768,ホークスが荼毘の正体を知った後、彼が抱いた後悔は？,荼毘を止められなかったこと,もっと早く気づかなかったこと,ヴィラン連合に潜入したこと,仲間を巻き込んだこと,2,もっと早く荼毘の正体に気づかなかったことを後悔しました。,3
漫画,僕のヒーローアカデミア,その他,HHQ_769,オール・フォー・ワンがタルタロスに収監された後、彼が最も重要視したのは？,死柄木弔の成長,自分の解放,新たな個性の獲得,ヒーロー社会への復讐,1,オール・フォー・ワンは死柄木弔の成長を最も重要視しました。,2
漫画,僕のヒーローアカデミア,その他,HHQ_770,雄英高校の体育祭で、轟焦凍がデクとの戦いの後、彼の個性を受け入れた理由は？,デクの言葉に心を動かされたから,父親の言うことが間違いだと気づいたから,自分の力で強くなりたいと思ったから,周りの期待に応えたいと思ったから,1,デクの言葉に心を動かされたからです。,3
漫画,僕のヒーローアカデミア,その他,HHQ_771,ステインの思想が社会に広がった結果、どのようなヴィランが登場した？,模倣犯,組織的なヴィラン,無差別攻撃を行うヴィラン,個性を持つヴィラン,1,ステインの模倣犯が登場しました。,3
漫画,僕のヒーローアカデミア,その他,HHQ_772,林間合宿でのヴィラン連合襲撃時、生徒たちが個性を制限された理由は？,訓練のため,安全のため,個性の暴走を防ぐため,ヴィランに利用されないため,2,安全のため、個性の使用を制限されました。,3
漫画,僕のヒーローアカデミア,その他,HHQ_773,オールマイトが引退後、デクに「平和の象徴」としての重責を託した際の彼の気持ちは？,不安,期待,後悔,安堵,2,オールマイトはデクに大きな期待を寄せていました。,3
漫画,僕のヒーローアカデミア,その他,HHQ_774,インターンシップで、デクがエリを救うために「未来を視る」能力を持つ誰に助けを求めた？,サー・ナイトアイ,ファットガム,ミリオ,オールマイト,1,サー・ナイトアイに助けを求めました。,2
漫画,僕のヒーローアカデミア,その他,HHQ_775,文化祭で、A組のバンド演奏を成功させるために、誰が中心となって練習を引っ張った？,耳郎響香,爆豪勝己,緑谷出久,麗日お茶子,1,耳郎響香が中心となって練習を引っ張りました。,2
漫画,僕のヒーローアカデミア,その他,HHQ_776,デクが歴代継承者の個性を発現させたことについて、爆豪勝己の反応は？,驚き,焦り,嫉妬,無関心,2,爆豪はデクの新たな個性の発現に焦りを感じました。,3
漫画,僕のヒーローアカデミア,その他,HHQ_777,エンデヴァーが家族関係の修復のために、最も大切にしたことは？,コミュニケーション,信頼,謝罪,時間,1,エンデヴァーは家族とのコミュニケーションを大切にしました。,3
漫画,僕のヒーローアカデミア,その他,HHQ_778,ホークスが荼毘の正体を知った後、彼が公安委員会から受けた指示は？,潜入を続ける,荼毘を捕縛する,ヴィラン連合を殲滅する,情報収集に専念する,1,ホークスは潜入を続けるよう指示されました。,3
漫画,僕のヒーローアカデミア,その他,HHQ_779,オール・フォー・ワンがタルタロスに収監された後、死柄木弔が彼から受け継いだものは？,個性,思想,力,後継者としての地位,2,死柄木弔はオール・フォー・ワンの思想を受け継ぎました。,3
漫画,僕のヒーローアカデミア,その他,HHQ_780,雄英高校の体育祭で、轟焦凍がデクに敗れた後、彼が最初に誰に話しかけた？,緑谷出久,オールマイト,エンデヴァー,飯田天哉,3,轟はエンデヴァーに話しかけました。,2
漫画,僕のヒーローアカデミア,その他,HHQ_781,ステインの思想に共鳴し、ヴィランとなった人物の一人は？,荼毘,トガヒミコ,スピナー,トゥワイス,3,スピナーはステインの思想に共鳴しました。,2
漫画,僕のヒーローアカデミア,その他,HHQ_782,林間合宿でのヴィラン連合襲撃時、教師たちが生徒たちを守るために何をした？,生徒を避難させた,ヴィランと戦った,生徒を指導した,個性を強化した,1,教師たちは生徒たちを避難させました。,3
漫画,僕のヒーローアカデミア,その他,HHQ_783,オールマイトが引退後、デクに「努力すれば報われる」と伝えた理由は？,デクの努力を認めたから,デクを励ますため,デクに自信を持たせるため,自身の経験から,4,自身の経験からデクに伝えたかったからです。,3
漫画,僕のヒーローアカデミア,その他,HHQ_784,インターンシップで、デクがエリの能力を「戻す」力だと確信した時に、彼が抱いた感情は？,希望,絶望,恐怖,驚き,1,デクは希望を抱きました。,3
漫画,僕のヒーローアカデミア,その他,HHQ_785,文化祭で、エリが笑顔を見せた後、デクが彼女に何を約束した？,必ず救う,ヒーローになる,一緒に遊ぶ,強くなる,1,デクはエリを必ず救うと約束しました。,2
漫画,僕のヒーローアカデミア,その他,HHQ_786,デクが歴代継承者の個性を発現させたことを知ったオールマイトの反応は？,驚き,喜び,不安,戸惑い,1,オールマイトはデクの新たな個性の発現に驚きました。,2
漫画,僕のヒーローアカデミア,その他,HHQ_787,エンデヴァーが家族関係の修復のために、最も苦手としたことは？,素直な気持ちを伝えること,謝罪すること,家族と向き合うこと,自分の弱さを見せること,1,素直な気持ちを伝えることでした。,3
漫画,僕のヒーローアカデミア,その他,HHQ_788,ホークスが荼毘の正体を知った後、彼が抱いた責任感は？,ヒーローとしての責任,情報屋としての責任,仲間を守る責任,家族を守る責任,1,ホークスはヒーローとしての責任を感じました。,3
漫画,僕のヒーローアカデミア,その他,HHQ_789,オール・フォー・ワンがタルタロスに収監された後、死柄木弔が彼から受け継いだ「力」とは？,個性「オール・フォー・ワン」,崩壊の個性強化,複数の個性,精神的な影響,1,死柄木弔はオール・フォー・ワンの個性を継承しました。,3
漫画,僕のヒーローアカデミア,その他,HHQ_790,雄英高校の体育祭で、轟焦凍がデクに勝つために、何を犠牲にした？,プライド,友情,体力,感情,1,轟は父親への反発心というプライドを犠牲にしました。,3
漫画,僕のヒーローアカデミア,その他,HHQ_791,ステインの思想に共鳴したヴィランが、社会に与えた影響は？,ヒーロー不信の広がり,犯罪の増加,治安の悪化,個性社会の崩壊,1,ヒーロー不信が広がりました。,3
漫画,僕のヒーローアカデミア,その他,HHQ_792,林間合宿でのヴィラン連合襲撃時、生徒たちが協力し合った理由は？,身を守るため,仲間を守るため,ヴィランに対抗するため,教師の指示,2,仲間を守るためでした。,3
漫画,僕のヒーローアカデミア,その他,HHQ_793,オールマイトが引退後、デクに「私を超えていけ」と伝えた理由は？,デクの成長を願ったから,平和の象徴として期待したから,自身の限界を超えてほしいから,デクにプレッシャーをかけたかったから,1,デクの更なる成長を願ったからです。,3
漫画,僕のヒーローアカデミア,その他,HHQ_794,インターンシップで、デクがエリを救うために最終的に頼った人物は？,ミリオ,サー・ナイトアイ,ファットガム,オールマイト,1,デクはミリオに頼りました。,2
漫画,僕のヒーローアカデミア,その他,HHQ_795,文化祭で、エリが初めて笑顔を見せた時に、デクが抱いた責任感は？,エリを守る責任,ヒーローとしての責任,ワン・フォー・オールの継承者としての責任,社会を守る責任,1,エリを守る責任を感じました。,3
漫画,僕のヒーローアカデミア,その他,HHQ_796,デクが歴代継承者の個性を発現させたことを知った爆豪勝己の反応は？,驚きと戸惑い,喜びと期待,怒りと絶望,諦めと無関心,1,爆豪は驚きと戸惑いを覚えました。,3
漫画,僕のヒーローアカデミア,その他,HHQ_797,エンデヴァーが家族関係の修復のために、家族に示したものは？,愛情,努力,反省,感謝,2,エンデヴァーは家族に自分の努力を示しました。,3
漫画,僕のヒーローアカデミア,その他,HHQ_798,ホークスが荼毘の正体を知った後、彼が公安委員会に伝えた最終的な決断は？,潜入を続けること,荼毘を捕縛すること,ヴィラン連合を殲滅すること,ヒーローを辞めること,1,ホークスは潜入を続けることを決断しました。,3
漫画,僕のヒーローアカデミア,その他,HHQ_799,オール・フォー・ワンがタルタロスに収監された後、死柄木弔が彼から受け継いだ「思想」とは？,ヒーロー社会の崩壊,個性のない世界,支配と恐怖,自由と解放,1,死柄木弔はヒーロー社会の崩壊という思想を受け継ぎました。,3
漫画,僕のヒーローアカデミア,その他,HHQ_800,雄英高校の体育祭で、轟焦凍がデクに言った「お前はすごいな」という言葉の意図は？,デクの努力を認めるため,デクを褒めるため,デクの個性を称えるため,デクを尊敬しているから,1,デクの努力を認めるためでした。,3
漫画,僕のヒーローアカデミア,その他,HHQ_801,ステインの思想が社会に広がった結果、ヴィランの行動にどのような変化があった？,組織化された行動,無差別なテロ行為,より巧妙な犯罪,個性を悪用した犯罪,2,無差別なテロ行為が増加しました。,3
漫画,僕のヒーローアカデミア,その他,HHQ_802,林間合宿でのヴィラン連合襲撃時、生徒たちが力を合わせて戦った理由は？,生き残るため,仲間を守るため,ヴィランを捕らえるため,訓練の成果を試すため,2,仲間を守るためでした。,3
漫画,僕のヒーローアカデミア,その他,HHQ_803,オールマイトが引退後、デクに「ヒーローとは何か」を教え続けた理由は？,平和の象徴としての自覚を促すため,デクの成長を促すため,ヒーローの役割を理解させるため,自身の経験を伝えるため,1,平和の象徴としての自覚を促すためでした。,3
漫画,僕のヒーローアカデミア,その他,HHQ_804,インターンシップで、デクがエリの能力を「個性を巻き戻す」力だと理解したきっかけは？,彼女の行動,治崎廻の言葉,ミリオの説明,サー・ナイトアイの予知,2,治崎廻の言葉がきっかけでした。,3
漫画,僕のヒーローアカデミア,その他,HHQ_805,文化祭で、エリが初めて笑顔を見せた時に、デクが流した涙の意味は？,感動,安堵,喜び,悲しみ,2,デクはエリが救われたことに安堵の涙を流しました。,3
漫画,僕のヒーローアカデミア,その他,HHQ_806,デクが歴代継承者の個性を発現させたことについて、オールマイトがデクに伝えた助言は？,個性を制御すること,個性を隠すこと,個性を最大限に使うこと,個性を研究すること,1,オールマイトは個性を制御するよう助言しました。,3
漫画,僕のヒーローアカデミア,その他,HHQ_807,エンデヴァーが家族関係の修復のために、家族に示した感情は？,愛情,後悔,感謝,喜び,2,エンデヴァーは家族に後悔の念を示しました。,3
漫画,僕のヒーローアカデミア,その他,HHQ_808,ホークスが荼毘の正体を知った後、彼が抱いた使命感は？,ヒーローとしての使命,情報屋としての使命,公安委員会の使命,平和を守る使命,4,ホークスは平和を守る使命を強く感じました。,3
漫画,僕のヒーローアカデミア,その他,HHQ_809,オール・フォー・ワンがタルタロスに収監された後、死柄木弔が彼から受け継いだ「個性」の覚醒は？,崩壊の範囲拡大,新たな個性の発現,複数の個性,個性強制解除,1,崩壊の範囲が拡大しました。,3
漫画,僕のヒーローアカデミア,その他,HHQ_810,雄英高校の体育祭で、轟焦凍がデクに敗れた後、彼がオールマイトに求めたことは？,助言,指導,共感,理解,1,轟はオールマイトに助言を求めました。,3
漫画,僕のヒーローアカデミア,その他,HHQ_811,ステインの思想が社会に広がった結果、ヒーロー社会にどのような影響があった？,信頼の低下,連携の強化,個性の多様化,規制の強化,1,ヒーロー社会への信頼が低下しました。,3
漫画,僕のヒーローアカデミア,その他,HHQ_812,林間合宿でのヴィラン連合襲撃時、教師たちが生徒たちに求めたことは？,冷静な行動,協力,個性の制御,身の安全,1,教師たちは生徒たちに冷静な行動を求めました。,3
漫画,僕のヒーローアカデミア,その他,HHQ_813,オールマイトが引退後、デクに「君の力で平和な社会を築いてほしい」と伝えた理由は？,デクの成長を信じたから,平和の象徴の役割を託したから,自身の願いを託したから,デクに期待したから,3,自身の願いをデクに託しました。,3
漫画,僕のヒーローアカデミア,その他,HHQ_814,インターンシップで、デクがエリを救うために「過去を視る」能力を持つ誰に助けを求めた？,サー・ナイトアイ,ファットガム,ミリオ,オールマイト,1,サー・ナイトアイに助けを求めました。,3
漫画,僕のヒーローアカデミア,その他,HHQ_815,文化祭で、エリが笑顔を見せた後、デクが感じたのは？,ヒーローの意義,個性の重要性,仲間の大切さ,希望の光,1,デクはヒーローの意義を感じました。,3
漫画,僕のヒーローアカデミア,その他,HHQ_816,デクが歴代継承者の個性を発現させたことについて、爆豪勝己がデクに言った言葉は？,「お前も持ってたのか」,「ずるいぞ」,「負けるか！」,「お前は特別だな」,3,爆豪は「負けるか！」と叫びました。,3
漫画,僕のヒーローアカデミア,その他,HHQ_817,エンデヴァーが家族関係の修復のために、家族に何を見せた？,自分の弱さ,自分の感情,自分の後悔,自分の覚悟,4,エンデヴァーは家族に自分の覚悟を見せました。,3
漫画,僕のヒーローアカデミア,その他,HHQ_818,ホークスが荼毘の正体を知った後、彼が抱いた葛藤は？,ヒーローとしての使命と情報の秘匿,家族を守るか否か,ヴィランを信じるか否か,自分の個性の限界,1,ヒーローとしての使命と情報の秘匿の葛藤がありました。,3
漫画,僕のヒーローアカデミア,その他,HHQ_819,オール・フォー・ワンがタルタロスに収監された後、死柄木弔が彼から受け継いだ「精神」とは？,支配欲,破壊欲,復讐心,自由への渇望,2,死柄木弔は破壊欲という精神を受け継ぎました。,3
漫画,僕のヒーローアカデミア,その他,HHQ_820,雄英高校の体育祭で、轟焦凍がデクに敗れた後、彼が改めて自分自身に問いかけたことは？,ヒーローとは何か,自分の個性とは何か,自分の進むべき道は何か,父親との関係はどうするか,2,轟は自分の個性とは何かを問いかけました。,3
漫画,僕のヒーローアカデミア,その他,HHQ_821,ステインの思想が社会に広がった結果、市民のヒーローへの意識にどのような変化があった？,批判的な目,信頼の回復,無関心,賛同,1,市民のヒーローへの批判的な目が増えました。,3
漫画,僕のヒーローアカデミア,その他,HHQ_822,林間合宿でのヴィラン連合襲撃時、生徒たちが個性を連携して使った理由は？,効率的に戦うため,ヴィランを捕らえるため,被害を最小限にするため,仲間を守るため,4,仲間を守るためでした。,3
漫画,僕のヒーローアカデミア,その他,HHQ_823,オールマイトが引退後、デクに「君ならできる」と伝えた際の彼の気持ちは？,確信,不安,期待,喜び,1,オールマイトはデクに確信を持っていました。,3
漫画,僕のヒーローアカデミア,その他,HHQ_824,インターンシップで、デクがエリを救うために自分の個性を何パーセントで使った？,100%,20%,30%,50%,1,デクは100%の力を使いました。,3
漫画,僕のヒーローアカデミア,その他,HHQ_825,文化祭で、エリが笑顔を見せた後、デクが感じたヒーローとしての喜びとは？,人助けの喜び,平和を守る喜び,個性を使う喜び,仲間と分かち合う喜び,1,デクは人助けの喜びを感じました。,3
漫画,僕のヒーローアカデミア,その他,HHQ_826,デクが歴代継承者の個性を発現させたことについて、オールマイトがデクに与えたアドバイスは？,練習あるのみ,制御を学ぶこと,個性を受け入れること,個性を理解すること,2,オールマイトは制御を学ぶようアドバイスしました。,3
漫画,僕のヒーローアカデミア,その他,HHQ_827,エンデヴァーが家族関係の修復のために、家族に示した感情は？,素直な気持ち,隠していた感情,感謝の気持ち,懺悔の気持ち,1,エンデヴァーは素直な気持ちを示しました。,3
漫画,僕のヒーローアカデミア,その他,HHQ_828,ホークスが荼毘の正体を知った後、彼が公安委員会に求めたことは？,追加の情報,協力を要請,潜入の中止,支援,1,ホークスは追加の情報を求めました。,3
漫画,僕のヒーローアカデミア,その他,HHQ_829,オール・フォー・ワンがタルタロスに収監された後、死柄木弔が彼から受け継いだ「使命」とは？,ヒーロー社会の破壊,個性のない世界の創造,オール・フォー・ワンの解放,死柄木弔自身の強化,1,死柄木弔はヒーロー社会の破壊という使命を受け継ぎました。,3
漫画,僕のヒーローアカデミア,その他,HHQ_830,雄英高校の体育祭で、轟焦凍がデクに敗れた後、彼が父親に初めて伝えた言葉は？,「俺の個性だ」,「あんたを超える」,「俺はヒーローになる」,「ありがとう」,1,轟はエンデヴァーに「俺の個性だ」と伝えました。,3
漫画,僕のヒーローアカデミア,その他,HHQ_831,ステインの思想が社会に広がった結果、ヒーローの活動にどのような変化があった？,より慎重になった,より攻撃的になった,より連携を重視するようになった,より個人的になった,1,ヒーローたちはより慎重な活動をするようになりました。,3
漫画,僕のヒーローアカデミア,その他,HHQ_832,林間合宿でのヴィラン連合襲撃時、生徒たちが個性を使った理由で最も重要だったのは？,生き残るため,仲間を助けるため,ヴィランを捕らえるため,訓練の成果を試すため,2,仲間を助けるためでした。,3
漫画,僕のヒーローアカデミア,その他,HHQ_833,オールマイトが引退後、デクに「君の道を進め」と伝えた理由は？,デクの個性を尊重したから,デクの決断を後押ししたから,自身の経験を押し付けたくなかったから,デクに自由を与えたかったから,3,自身の経験を押し付けたくなかったからです。,3
漫画,僕のヒーローアカデミア,その他,HHQ_834,インターンシップで、デクがエリを救うためにミリオと共に戦った相手は？,オーバーホール,クロノスタシス,ヴィラン連合,脳無,1,デクはミリオと共にオーバーホールと戦いました。,3
漫画,僕のヒーローアカデミア,その他,HHQ_835,文化祭で、エリが笑顔を見せた後、デクが抱いた新たな目標は？,エリの個性を制御する,エリを雄英高校に入学させる,エリを幸せにする,エリをヒーローにする,3,デクはエリを幸せにすることを新たな目標としました。,3
漫画,僕のヒーローアカデミア,その他,HHQ_836,デクが歴代継承者の個性を発現させたことについて、爆豪勝己がデクに示した感情は？,戸惑い,尊敬,怒り,諦め,1,爆豪は戸惑いを隠せませんでした。,3
漫画,僕のヒーローアカデミア,その他,HHQ_837,エンデヴァーが家族関係の修復のために、家族に求めたことは？,理解,許し,協力,対話,1,エンデヴァーは家族からの理解を求めました。,3
漫画,僕のヒーローアカデミア,その他,HHQ_838,ホークスが荼毘の正体を知った後、彼が抱いた不安は？,正体がバレること,家族が狙われること,ヒーロー社会の未来,自分の信念が揺らぐこと,3,ホークスはヒーロー社会の未来に不安を感じました。,3
漫画,僕のヒーローアカデミア,その他,HHQ_839,オール・フォー・ワンがタルタロスに収監された後、死柄木弔が目指した場所は？,オール・フォー・ワンの秘密基地,ヴィラン連合のアジト,ドクターの研究室,タルタロス,3,死柄木弔はドクターの研究室を目指しました。,3
漫画,僕のヒーローアカデミア,その他,HHQ_840,雄英高校の体育祭で、轟焦凍がデクに敗れた後、彼がオールマイトに求めた助言は？,個性との向き合い方,父親との関係,ヒーローとしての成長,自身の強さ,1,轟は個性との向き合い方について助言を求めました。,3
漫画,僕のヒーローアカデミア,その他,HHQ_841,ステインの思想が社会に広がった結果、ヴィランの犯罪の手口にどのような変化があった？,より巧妙になった,より大規模になった,より残忍になった,より計画的になった,2,ヴィランの犯罪はより大規模になりました。,4
漫画,僕のヒーローアカデミア,その他,HHQ_842,林間合宿でのヴィラン連合襲撃時、教師たちが生徒たちに指示したことは？,身を隠す,反撃する,避難する,協力する,3,教師たちは生徒たちに避難するよう指示しました。,3
漫画,僕のヒーローアカデミア,その他,HHQ_843,オールマイトが引退後、デクに「君の個性を使いこなせ」と伝えた理由は？,デクの成長を促すため,デクの力を信じたから,平和の象徴としての責任を果たすため,自身の夢を託したから,1,デクの更なる成長を促すためでした。,3
漫画,僕のヒーローアカデミア,その他,HHQ_844,インターンシップで、デクがエリを救うためにミリオが犠牲にしたものは？,個性,腕,命,仲間,1,ミリオはエリを守るために個性を失いました。,3
漫画,僕のヒーローアカデミア,その他,HHQ_845,文化祭で、エリが笑顔を見せた後、デクが改めて感じた「ヒーロー」の定義は？,人々を救う存在,悪と戦う存在,平和を守る存在,希望を与える存在,4,デクはヒーローが希望を与える存在だと感じました。,3
漫画,僕のヒーローアカデミア,その他,HHQ_846,デクが歴代継承者の個性を発現させたことについて、爆豪勝己がデクに抱いた感情は？,複雑な感情,純粋な驚き,深い理解,強い嫉妬,1,爆豪は複雑な感情を抱きました。,4
漫画,僕のヒーローアカデミア,その他,HHQ_847,エンデヴァーが家族関係の修復のために、家族に示した姿勢は？,真摯な姿勢,強引な姿勢,諦めない姿勢,支配的な姿勢,1,エンデヴァーは家族に真摯な姿勢を示しました。,3
漫画,僕のヒーローアカデミア,その他,HHQ_848,ホークスが荼毘の正体を知った後、彼が抱いた使命感は？,情報収集の継続,ヴィランの壊滅,ヒーロー社会の維持,平和の象徴を守ること,3,ホークスはヒーロー社会の維持を使命と感じました。,3
漫画,僕のヒーローアカデミア,その他,HHQ_849,オール・フォー・ワンがタルタロスに収監された後、死柄木弔がドクターの研究室を目指した理由は？,個性の強化,新たな個性の獲得,オール・フォー・ワンの解放,自身の肉体改造,4,死柄木弔は自身の肉体改造を求めていました。,3
漫画,僕のヒーローアカデミア,その他,HHQ_850,雄英高校の体育祭で、轟焦凍がデクに敗れた後、彼が個性に対する考え方をどのように変えた？,父親の個性も受け入れる,炎の個性を捨てる,氷の個性を強化する,個性に頼らない,1,轟は父親の個性も受け入れるようになりました。,4
漫画,僕のヒーローアカデミア,その他,HHQ_851,ステインの思想が社会に広がった結果、ヒーロー社会が直面した最大の課題は？,ヒーローの減少,ヴィランの増加,国民のヒーローへの信頼回復,個性社会の崩壊,3,国民のヒーローへの信頼回復が最大の課題となりました。,4
漫画,僕のヒーローアカデミア,その他,HHQ_852,林間合宿でのヴィラン連合襲撃時、生徒たちが力を合わせてヴィランと戦った理由で最も重要だったのは？,仲間を守るため,生き残るため,ヒーローになるため,訓練の成果を試すため,1,仲間を守ることが最も重要でした。,3
漫画,僕のヒーローアカデミア,その他,HHQ_853,オールマイトが引退後、デクに「君の力は無限大だ」と伝えた理由は？,デクの可能性を信じたから,デクを励ますため,デクに自信を持たせるため,自身の経験から,1,デクの無限の可能性を信じていました。,3
漫画,僕のヒーローアカデミア,その他,HHQ_854,インターンシップで、デクがエリを救うためにミリオと連携した際の、ミリオの個性は？,透過,無個性,腕を失った,半透過,2,ミリオは個性を失い無個性になっていました。,3
漫画,僕のヒーローアカデミア,その他,HHQ_855,文化祭で、エリが笑顔を見せた後、デクが感じた「ヒーローの喜び」の真髄は？,人を助けること,悪を倒すこと,希望を与えること,笑顔を守ること,4,エリの笑顔を守ることが、デクが感じたヒーローの喜びの真髄でした。,3
漫画,僕のヒーローアカデミア,その他,HHQ_856,デクが歴代継承者の個性を発現させたことについて、オールマイトがデクに伝えた思いは？,誇りに思う,不安を感じる,期待している,心配している,1,オールマイトはデクを誇りに思っていました。,3
漫画,僕のヒーローアカデミア,その他,HHQ_857,エンデヴァーが家族関係の修復のために、家族に示した最大の努力は？,自分を変える努力,過去を清算する努力,未来を築く努力,家族と向き合う努力,1,自分を変える努力をしました。,3
漫画,僕のヒーローアカデミア,その他,HHQ_858,ホークスが荼毘の正体を知った後、彼が抱いた決意は？,ヒーローとして最後まで戦い抜く,情報を集め続ける,ヴィランを殲滅する,平和を守る,1,ヒーローとして最後まで戦い抜くことを決意しました。,4
漫画,僕のヒーローアカデミア,その他,HHQ_859,オール・フォー・ワンがタルタロスに収監された後、死柄木弔が肉体改造を経て手に入れたものは？,個性「オール・フォー・ワン」,崩壊の超強化,新たな個性,不死身の体,2,死柄木弔は崩壊の超強化を手に入れました。,4
漫画,僕のヒーローアカデミア,その他,HHQ_860,雄英高校の体育祭で、轟焦凍がデクに敗れた後、彼がオールマイトに求めたものは？,個性との向き合い方,父親との関係修復,ヒーローとしての成長,自身の進むべき道,1,轟は個性との向き合い方について助言を求めました。,4
漫画,僕のヒーローアカデミア,その他,HHQ_861,ステインの思想が社会に広がった結果、ヒーローの活動において最も重視されるようになったことは？,人柄と信頼性,戦闘能力,個性の強さ,知名度,1,人柄と信頼性が重視されるようになりました。,4
漫画,僕のヒーローアカデミア,その他,HHQ_862,林間合宿でのヴィラン連合襲撃時、生徒たちが個性を連携して使った理由で最も重要だったのは？,個性を効率的に使うため,ヴィランを捕らえるため,被害を最小限にするため,仲間を守るため,4,仲間を守ることが最も重要でした。,4
漫画,僕のヒーローアカデミア,その他,HHQ_863,オールマイトが引退後、デクに「君は私の全てだ」と伝えた理由は？,デクへの信頼の証,デクへの期待,デクへの愛情,自身の後悔,1,デクへの絶対的な信頼の証でした。,4
漫画,僕のヒーローアカデミア,その他,HHQ_864,インターンシップで、デクがエリを救うためにミリオと協力し、最終的にエリの個性を「制御不能」だと判断した理由は？,個性の力があまりにも強大だから,エリが子供だから,エリが個性を使いこなせないから,エリが過去に傷を負っているから,1,個性の力があまりにも強大だったからです。,4
漫画,僕のヒーローアカデミア,その他,HHQ_865,文化祭で、エリが笑顔を見せた後、デクが抱いた「ヒーロー」の使命感の真髄は？,人々を救うこと,悪を倒すこと,希望を与えること,誰かの笑顔を守ること,4,誰かの笑顔を守ることが、デクの使命感の真髄でした。,4
漫画,僕のヒーローアカデミア,その他,HHQ_866,デクが歴代継承者の個性を発現させたことについて、爆豪勝己がデクに言った「お前はもう俺を追い抜いた」という言葉の真意は？,デクの成長を認めたから,デクに嫉妬したから,デクを挑発したかったから,デクを諦めさせたかったから,1,爆豪はデクの成長を認めました。,4
漫画,僕のヒーローアカデミア,その他,HHQ_867,エンデヴァーが家族関係の修復のために、家族に示した最大の感情は？,後悔,愛情,感謝,懺悔,1,エンデヴァーは家族に深い後悔の念を示しました。,4
漫画,僕のヒーローアカデミア,その他,HHQ_868,ホークスが荼毘の正体を知った後、彼が公安委員会に提言したことは？,ヴィランの殲滅,大規模な情報戦,ヒーローの再教育,個性社会の変革,2,大規模な情報戦を提言しました。,4
漫画,僕のヒーローアカデミア,その他,HHQ_869,オール・フォー・ワンがタルタロスに収監された後、死柄木弔が肉体改造を経て手に入れた新たな個性は？,個性「オール・フォー・ワン」,多重個性,肉体再生,高速移動,2,死柄木弔は多重個性を手に入れました。,4
漫画,僕のヒーローアカデミア,その他,HHQ_870,雄英高校の体育祭で、轟焦凍がデクに敗れた後、彼が個性に対する考え方をどのように変え、ヒーローとしての道を進むことを決意した？,父親の個性も受け入れ、自分の力で強くなる,炎の個性を捨て、氷の個性に特化する,個性に頼らず、体術を磨く,周囲の期待に応えるために、努力する,1,父親の個性も受け入れ、自分の力で強くなることを決意しました。,4
漫画,僕のヒーローアカデミア,その他,HHQ_871,ステインの思想が社会に広がった結果、ヒーローの活動はどのように変化し、市民からの信頼を回復しようとした？,より市民に寄り添う活動,よりヴィランを厳しく取り締まる,より大規模な活動,より個人的な活動,1,より市民に寄り添う活動を始めました。,4
漫画,僕のヒーローアカデミア,その他,HHQ_872,林間合宿でのヴィラン連合襲撃時、生徒たちが力を合わせてヴィランと戦い、その中で最も成長したとされたのは誰？,緑谷出久,爆豪勝己,轟焦凍,常闇踏陰,4,常闇踏陰が最も成長したとされました。,4
漫画,僕のヒーローアカデミア,その他,HHQ_873,オールマイトが引退後、デクに「君は私を超えていける」と伝えた際の彼の思いの真髄は？,デクの無限の可能性への信頼,デクへの期待,自身の願いの託し,デクへの愛情,1,デクの無限の可能性への信頼が真髄でした。,4
漫画,僕のヒーローアカデミア,その他,HHQ_874,インターンシップで、デクがエリを救うためにミリオと協力し、最終的にエリの個性を「希望」だと捉えた理由は？,エリの笑顔を見たから,個性が人々を救う力だと信じたから,個性の制御に成功したから,治崎廻が絶望したから,2,個性が人々を救う力だと信じたからです。,4
漫画,僕のヒーローアカデミア,その他,HHQ_875,文化祭で、エリが笑顔を見せた後、デクが抱いた「ヒーロー」の理念の真髄は？,悪を倒すこと,人々を救うこと,希望を与えること,誰かの笑顔のために戦うこと,4,誰かの笑顔のために戦うことが、デクの理念の真髄でした。,4
漫画,僕のヒーローアカデミア,その他,HHQ_876,デクが歴代継承者の個性を発現させたことについて、爆豪勝己がデクに言った「お前は俺の目標だ」という言葉の意図は？,デクの成長を認め、目標としたから,デクを挑発するため,デクを越えたいから,デクへの嫉妬,1,爆豪はデクの成長を認め、自らの目標としました。,4
漫画,僕のヒーローアカデミア,その他,HHQ_877,エンデヴァーが家族関係の修復のために、家族に示した感情は？,後悔と愛情,怒りと悲しみ,希望と期待,喜びと感謝,1,エンデヴァーは家族に後悔と愛情を示しました。,4
漫画,僕のヒーローアカデミア,その他,HHQ_878,ホークスが荼毘の正体を知った後、彼が公安委員会に提言した最終的な目標は？,ヴィランの殲滅,ヒーロー社会の再構築,平和の維持,情報戦によるヴィランの無力化,4,情報戦によるヴィランの無力化を最終目標としました。,4
漫画,僕のヒーローアカデミア,その他,HHQ_879,オール・フォー・ワンがタルタロスに収監された後、死柄木弔が肉体改造を経て目指した最終的な目的は？,世界を崩壊させること,個性社会を支配すること,オール・フォー・ワンを超えること,自由な世界を作ること,1,世界を崩壊させることでした。,4
漫画,僕のヒーローアカデミア,その他,HHQ_880,雄英高校の体育祭で、轟焦凍がデクに敗れた後、彼がオールマイトに求めた助言の真髄は？,個性との正しい向き合い方,父親との和解方法,ヒーローとしての成長の道,自身の弱点の克服,1,個性との正しい向き合い方についての助言が真髄でした。,4
漫画,僕のヒーローアカデミア,その他,HHQ_881,ステインの思想が社会に広がった結果、ヒーロー社会が打ち出した新たな方針は？,ヒーローの多様性の容認,個性の使用制限,より厳格なヒーロー認定,市民との連携強化,1,ヒーローの多様性の容認を打ち出しました。,4
漫画,僕のヒーローアカデミア,その他,HHQ_882,林間合宿でのヴィラン連合襲撃時、生徒たちが力を合わせて戦い、その中で得た最も大きな収穫は？,個性の強化,実戦経験,仲間との絆,教師との信頼関係,3,仲間との絆が最も大きな収穫でした。,4
漫画,僕のヒーローアカデミア,その他,HHQ_883,オールマイトが引退後、デクに「君の笑顔が平和の象徴だ」と伝えた理由は？,デクの笑顔が人々を救うから,デクの優しさを認めたから,デクの個性を信じたから,自身の経験から,1,デクの笑顔が人々を救うことを知っていたからです。,4
漫画,僕のヒーローアカデミア,その他,HHQ_884,インターンシップで、デクがエリを救うためにミリオと協力し、最終的にエリの個性を「祝福」だと捉えた理由は？,個性が人々を癒やす力だから,エリの笑顔が人々を幸せにするから,個性の暴走を止められたから,治崎廻を倒せたから,2,エリの笑顔が人々を幸せにする力だと感じたからです。,4
漫画,僕のヒーローアカデミア,その他,HHQ_885,文化祭で、エリが笑顔を見せた後、デクが抱いた「ヒーロー」の決意の真髄は？,人々を救うこと,悪を倒すこと,希望を与えること,誰かの笑顔のために戦い続けること,4,誰かの笑顔のために戦い続けることが、デクの決意の真髄でした。,4
漫画,僕のヒーローアカデミア,その他,HHQ_886,デクが歴代継承者の個性を発現させたことについて、爆豪勝己がデクに言った「お前は俺が勝つべき相手だ」という言葉の意図は？,デクをライバルとして認めたから,デクを挑発するため,デクを越えたいから,デクへの嫉妬,1,爆豪はデクを真のライバルとして認めました。,4
漫画,僕のヒーローアカデミア,その他,HHQ_887,エンデヴァーが家族関係の修復のために、家族に示した感情は？,愛情と後悔,怒りと悲しみ,希望と期待,喜びと感謝,1,エンデヴァーは家族に愛情と後悔を示しました。,4
漫画,僕のヒーローアカデミア,その他,HHQ_888,ホークスが荼毘の正体を知った後、彼が公安委員会に提言した長期的な目標は？,ヴィランの根絶,ヒーロー社会の改革,平和な社会の実現,個性社会の変革,3,平和な社会の実現を長期的な目標としました。,4
漫画,僕のヒーローアカデミア,その他,HHQ_889,オール・フォー・ワンがタルタロスに収監された後、死柄木弔が肉体改造を経て目指した最終的な目的の真髄は？,世界を無に帰すこと,個性社会を支配すること,オール・フォー・ワンを超えること,自由な世界を作ること,1,世界を無に帰すことでした。,4
漫画,僕のヒーローアカデミア,その他,HHQ_890,雄英高校の体育祭で、轟焦凍がデクに敗れた後、彼が個性に対する考え方をどのように変え、ヒーローとしての成長を遂げた？,父親の個性も受け入れ、自分の強さとして活用する,炎の個性を捨てるという考えを改め、両方を使いこなす,個性に頼らず、人間的な成長を目指す,周囲の期待に応えるだけでなく、自分の信念で行動する,1,父親の個性も受け入れ、自分の強さとして活用するようになりました。,4
漫画,僕のヒーローアカデミア,その他,HHQ_891,ステインの思想が社会に広がった結果、ヒーローの活動はどのように変化し、市民からの信頼を回復するために何が重要になった？,ヒーロー個人の人間性,戦闘能力の強化,個性技術の発展,組織力の強化,1,ヒーロー個人の人間性が重要になりました。,4
漫画,僕のヒーローアカデミア,その他,HHQ_892,林間合宿でのヴィラン連合襲撃時、生徒たちが力を合わせて戦い、その中で最も得たものは？,個性の使い方,実戦の経験,仲間との信頼,教師との連携,3,仲間との信頼が最も得られたものです。,4
漫画,僕のヒーローアカデミア,その他,HHQ_893,オールマイトが引退後、デクに「君がナンバーワンだ」と伝えた理由は？,デクの努力を認めたから,デクに自信を持たせるため,平和の象徴としての期待を込めて,自身の後継者として認めたから,4,デクを自身の後継者として認めました。,4
漫画,僕のヒーローアカデミア,その他,HHQ_894,インターンシップで、デクがエリを救うためにミリオと協力し、最終的にエリの個性を「可能性」だと捉えた理由は？,個性がまだ未知数だから,エリの成長に期待したから,個性が様々な用途に使えるから,個性が未来を変える力だから,4,個性が未来を変える力だと感じたからです。,4
漫画,僕のヒーローアカデミア,その他,HHQ_895,文化祭で、エリが笑顔を見せた後、デクが抱いた「ヒーロー」の真の喜びは？,悪を打ち破ること,人々を救うこと,希望を届けること,誰かの心を救うこと,4,誰かの心を救うことでした。,4
漫画,僕のヒーローアカデミア,その他,HHQ_896,デクが歴代継承者の個性を発現させたことについて、爆豪勝己がデクに言った「お前がナンバーワンだ」という言葉の意図は？,デクの成長を認め、最大のライバルと認めたから,デクを挑発するため,デクを褒めるため,デクへの嫉妬,1,爆豪はデクの成長を認め、最大のライバルと認めました。,4
漫画,僕のヒーローアカデミア,その他,HHQ_897,エンデヴァーが家族関係の修復のために、家族に示した最大の努力は？,自分の過去と向き合うこと,家族と対話すること,自分の感情を表現すること,家族を守ること,1,自分の過去と向き合うことでした。,4
漫画,僕のヒーローアカデミア,その他,HHQ_898,ホークスが荼毘の正体を知った後、彼が公安委員会に提言した今後のヒーロー活動の方針は？,市民との連携強化,情報戦の重視,ヴィランの徹底排除,個性社会の改革,2,情報戦の重視を提言しました。,4
漫画,僕のヒーローアカデミア,その他,HHQ_899,オール・フォー・ワンがタルタロスに収監された後、死柄木弔が肉体改造を経て目指した最終的な目的の真髄は？,世界を破壊し、ゼロに戻すこと,個性社会を支配すること,オール・フォー・ワンを超えること,自由な世界を作ること,1,世界を破壊し、ゼロに戻すことでした。,4
漫画,僕のヒーローアカデミア,その他,HHQ_900,雄英高校の体育祭で、轟焦凍がデクに敗れた後、彼が個性に対する考え方をどのように変え、ヒーローとしての真の力を手に入れた？,父親の個性も受け入れ、炎と氷を使いこなす,炎の個性を捨て、氷の個性に特化する,個性に頼らず、体術と知恵で戦う,周囲の期待に応えるだけでなく、自分の信念で行動する,1,父親の個性も受け入れ、炎と氷を使いこなすことで真の力を手に入れました。,4